Theme,Title,Authors,Year,Venue,Study type,Citations (Consensus),DOI,Paper link,Consensus link,Read by (name),Notes
1. CRS machine learning (clinical data),Development and Interpretation of a Machine Learning-Based Predictive Model Using Clinical Parameters for Eosinophilic Chronic Rhinosinusitis With Nasal Polyps,"Long Liu, Shufen Pei, Zengping Liu, Yanli Wang, Wenjuan Ding, Yuli Zhao, Yong Li, Xing-Jian Chen, Wenbin He, Shihong Duan",2026,American Journal of Rhinology & Allergy,"theoretical, modeling, or simulation study",1,10.1177/19458924261425834,https://doi.org/10.1177/19458924261425834,https://consensus.app/papers/development-and-interpretation-of-a-machine-liu-pei/76544ad261815d96b0d78c735534481f/,,
1. CRS machine learning (clinical data),Who Benefits From Sinus Surgery? Comparing Generative AI and Supervised Machine Learning for Predicting Surgical Outcomes in Chronic Rhinosinusitis,"Sayeed Shafayet Chowdhury, Snehasis Mukhopadhyay, Shiaofen Fang, V. Ramakrishnan",2026,ArXiv,"theoretical, modeling, or simulation study",0,10.48550/arxiv.2601.13710,https://doi.org/10.48550/arxiv.2601.13710,https://consensus.app/papers/who-benefits-from-sinus-surgery-comparing-generative-ai-chowdhury-mukhopadhyay/9171779ceb545bfd981d4606d64d2ef2/,,
1. CRS machine learning (clinical data),Using Machine Learning Models to Diagnose Chronic Rhinosinusitis: Analysis of Pre-Treatment Patient-Generated Health Data to Predict Cardinal Symptoms and Sinonasal Inflammation,"Arun M. Raghavan, Mohamed A. Aboueisha, Ion Prohnitchi, David J. Cvancara, I. Humphreys, Aria Jafari, Waleed M. Abuzeid",2025,American Journal of Rhinology & Allergy,"theoretical, modeling, or simulation study",10,10.1177/19458924251322081,https://doi.org/10.1177/19458924251322081,https://consensus.app/papers/using-machine-learning-models-to-diagnose-chronic-raghavan-aboueisha/bd470b67e91d59db993e429b2efd2e56/,,
1. CRS machine learning (clinical data),Clinical Key Features Uncovered by Blood Eosinophilia‐Based Machine Learning Classification of Chronic Rhinosinusitis,"Masaaki Ishikawa, Zhiqian Jiang, Canh Hao Nguyen, Hiroatsu Hatsukawa, Hiroshi Mamitsuka",2025,International Forum of Allergy & Rhinology,"theoretical, modeling, or simulation study",2,10.1002/alr.70077,https://doi.org/10.1002/alr.70077,https://consensus.app/papers/clinical-key-features-uncovered-by-blood-ishikawa-jiang/3ff6ba04d2675fc4a7ce68f6ab461496/,,
1. CRS machine learning (clinical data),Uncovering Key Features for Predicting Comorbid Chronic Eosinophilic Pneumonia in Chronic Rhinosinusitis via Machine Learning,"Masaaki Ishikawa, Zhiqian Jiang, Canh Hao Nguyen, Hiroatsu Hatsukawa, Tomoyuki Hirai, H. Matsumoto, Emiko Saito, Kouya Okazaki, Kazuo Endo, Satoru Terada, Hiroshi Mamitsuka",2025,International Forum of Allergy & Rhinology,"theoretical, modeling, or simulation study",4,10.1002/alr.23613,https://doi.org/10.1002/alr.23613,https://consensus.app/papers/uncovering-key-features-for-predicting-comorbid-chronic-ishikawa-jiang/8d3282ba7c4c58c5886414316ef8a1f0/,,
1. CRS machine learning (clinical data),Development and Validation of an Explainable Prediction Model for Postoperative Recurrence in Pediatric Chronic Rhinosinusitis.,"Sijie Jiang, Bo Qi, Shao-Bing Xie, Zhi-Hai Xie, Hua Zhang, Wei-Hong Jiang",2024,Otolaryngology--head and neck surgery : official journal of American Academy of Otolaryngology-Head and Neck Surgery,"theoretical, modeling, or simulation study",0,10.1002/ohn.1092,https://doi.org/10.1002/ohn.1092,https://consensus.app/papers/development-and-validation-of-an-explainable-prediction-jiang-qi/48af708b09185b84bf256bce996c1917/,,
1. CRS machine learning (clinical data),Predictive modeling for eosinophilic chronic rhinosinusitis: Nomogram and four machine learning approaches,"Panhui Xiong, Jun-Liang Chen, Yue Zhang, Longlan Shu, Yang Shen, Yu Gu, Yijun Liu, Da-Yu Guan, Bo-Wen Zheng, Yu-Cheng Yang",2024,iScience,"theoretical, modeling, or simulation study",12,10.1016/j.isci.2024.108928,https://doi.org/10.1016/j.isci.2024.108928,https://consensus.app/papers/predictive-modeling-for-eosinophilic-chronic-xiong-chen/ebb40f5249b25af69c799c1280d788ec/,,
1. CRS machine learning (clinical data),Deep learning radiomics-based preoperative prediction of recurrence in chronic rhinosinusitis,"Shaojuan He, Wei Chen, Xuehai Wang, Xinyu Xie, Fangying Liu, Xinyi Ma, Xue-Zhong Li, Anning Li, Xin Feng",2023,iScience,n/a,28,10.1016/j.isci.2023.106527,https://doi.org/10.1016/j.isci.2023.106527,https://consensus.app/papers/deep-learning-radiomicsbased-preoperative-prediction-of-he-chen/0a5ef40f60b15d5badb7ee6c5a938a1a/,,
2. Reviews: AI in CRS / rhinology / XAI,The Role of Artificial Intelligence in Chronic Rhinosinusitis: A Scoping Review,"Nicola M Pereira, Sarah J. Wie, Karena Zhao, Michelle Demetres, Ashutosh Kacker",2025,International Forum of Allergy & Rhinology,systematic review,0,10.1002/alr.70078,https://doi.org/10.1002/alr.70078,https://consensus.app/papers/the-role-of-artificial-intelligence-in-chronic-pereira-wie/4df843462ca85269a590393eeb4e6b11/,,
2. Reviews: AI in CRS / rhinology / XAI,The Application and Diagnostic Accuracy of Artificial Intelligence in Rhinology: A Review,"S. H., D. G.",2025,Cureus,systematic review,6,10.7759/cureus.87966,https://doi.org/10.7759/cureus.87966,https://consensus.app/papers/the-application-and-diagnostic-accuracy-of-artificial-h-g/086ab40f0e2f5c54ad0818eadddd319f/,,
2. Reviews: AI in CRS / rhinology / XAI,The role of explainable artificial intelligence in disease prediction: a systematic literature review and future research directions,"Razan Alkhanbouli, Farah Alhosani, M. C. E. Simsekler",2025,BMC Medical Informatics and Decision Making,systematic review,189,10.1186/s12911-025-02944-6,https://doi.org/10.1186/s12911-025-02944-6,https://consensus.app/papers/the-role-of-explainable-artificial-intelligence-in-alkhanbouli-alhosani/39b58c56b3ff5a3a969097a64d76b6bb/,,
3. Active feature acquisition (AFA),Cost-Aware Active Feature Acquisition for Differential Diagnosis under Realistic Clinical Availability Constraints,"J. C. Bingham, N. Arussy",2026,see link,"theoretical, modeling, or simulation study",0,10.64898/2026.08.30.26361745,https://doi.org/10.64898/2026.08.30.26361745,https://consensus.app/papers/costaware-active-feature-acquisition-for-differential-bingham-arussy/e2d7cedccde85b1e93f8116ddb6bdfaa/,,
3. Active feature acquisition (AFA),Learning-To-Measure: In-context Active Feature Acquisition,"Y. Kobayashi, Zilin Jing, Jiayu Yao, Hongseok Namkoong, Shalmali Joshi",2025,ArXiv,"theoretical, modeling, or simulation study",4,10.48550/arxiv.2510.12624,https://doi.org/10.48550/arxiv.2510.12624,https://consensus.app/papers/learningtomeasure-incontext-active-feature-acquisition-kobayashi-jing/fe5fb93a5dd8560b80adde4837b17cdc/,,
3. Active feature acquisition (AFA),Active Feature Acquisition Via Explainability-driven Ranking,"O. B. Güney, K. S. Saichandran, K. Elzokm, Zimin Zhang, Vijaya B. Kolachalama",2025,Proceedings of machine learning research,"theoretical, modeling, or simulation study",8,,https://proceedings.mlr.press/v267/guney25a.html,https://consensus.app/papers/active-feature-acquisition-via-explainabilitydriven-g%C3%BCney-saichandran/092626c8f6135b4985ceb5b5815c1f08/,,
3. Active feature acquisition (AFA),Evaluation of Active Feature Acquisition Methods for Time-varying Feature Settings,"Henrik von Kleist, Alireza Zamanian, I. Shpitser, N. Ahmidi",2023,J. Mach. Learn. Res.,"theoretical, modeling, or simulation study",12,10.48550/arxiv.2312.01530,https://doi.org/10.48550/arxiv.2312.01530,https://consensus.app/papers/evaluation-of-active-feature-acquisition-methods-for-kleist-zamanian/41e00c778f555478bff43b27eccdb5c6/,,
4. Environment and CRS,Association between air pollution and allergic upper respiratory diseases: a meta-analysis,"Zhi-Qiang Zhang, Jing-yang Li, Qian Guo, Ya-Lun Li, Youwei Bao, Yu-qi Song, Dong-xu Li, Jun Wu, Xin-Hua Zhu",2025,European Respiratory Review,meta-analysis,28,10.1183/16000617.0266-2024,https://doi.org/10.1183/16000617.0266-2024,https://consensus.app/papers/association-between-air-pollution-and-allergic-upper-zhang-li/61c1a5f9437056be9b4245a9835ab6fb/,,
4. Environment and CRS,"Air pollution, genetic factors, and chronic rhinosinusitis: A prospective study in the UK Biobank.","Qinfeng Zhou, Jun-Xiong Ma, Shyam Biswal, N. Rowan, Nyall R. London, C. A. Riley, Stella E. Lee, Jayant M. Pinto, O. Ahmed, Mintao Su, Zhi-Sheng Liang, Run-Ming Du, Murugappan Ramanathan, Zhen-Yu Zhang",2024,The Science of the total environment,cohort study,27,10.1016/j.scitotenv.2024.173526,https://doi.org/10.1016/j.scitotenv.2024.173526,https://consensus.app/papers/air-pollution-genetic-factors-and-chronic-rhinosinusitis-zhou-ma/d968c0c2820353188a4940c0129d5367/,,
4. Environment and CRS,Environmental air pollution and chronic rhinosinusitis: A systematic review,"E. Leland, V. Vohra, Stella M. Seal, Zhenyu Zhang, Murugappan Ramanathan",2022,Laryngoscope Investigative Otolaryngology,systematic review,55,10.1002/lio2.774,https://doi.org/10.1002/lio2.774,https://consensus.app/papers/environmental-air-pollution-and-chronic-rhinosinusitis-a-leland-vohra/da8386b8c6855c8c9a1210d743514d4a/,,
4. Environment and CRS,Air Pollution Exposure Affects Severity and Cellular Endotype of Chronic Rhinosinusitis With Nasal Polyps,"Xiao-Zhe Yang, S. Shen, Yuzhoujia Deng, Chengshuo Wang, Luo Zhang",2021,The Laryngoscope,cohort study,27,10.1002/lary.29974,https://doi.org/10.1002/lary.29974,https://consensus.app/papers/air-pollution-exposure-affects-severity-and-cellular-yang-shen/00f1a5216803513193bc036f9b4d0570/,,
5. Explainable AI (general),Personalized health monitoring using explainable AI: bridging trust in predictive healthcare,"M. Vani, R. Sudhakar, A. Mahendar, Sukanya Ledalla, Marepalli Radha, M. Sunitha",2025,Scientific Reports,"theoretical, modeling, or simulation study",70,10.1038/s41598-025-15867-z,https://doi.org/10.1038/s41598-025-15867-z,https://consensus.app/papers/personalized-health-monitoring-using-explainable-ai-vani-sudhakar/1305ba0b4b75537ab46b7a1b49cdfea2/,,