path,filename,class_name,label,width,height,mode,ext,group,md5,split
"DATASET_SININUSE/Healthy classification/C0294631-Normal_sinuses,_CT_scan.JPEG","C0294631-Normal_sinuses,_CT_scan.JPEG",Healthy,0,800,700,RGB,.jpeg,g000,c5428503ab284206ab61fe753f4e5bdd,train
DATASET_SININUSE/Healthy classification/CT-normal1.JPEG,CT-normal1.JPEG,Healthy,0,1749,888,RGB,.jpeg,g001,bea390ca7594210c3c987af19929b2b4,train
DATASET_SININUSE/Healthy classification/CT-normal3.JPEG,CT-normal3.JPEG,Healthy,0,1749,888,RGB,.jpeg,g001,73429cd45fa962829d4d8303f0ef5338,train
DATASET_SININUSE/Healthy classification/CT-scan-of-paranasal-sinus-3-months-postoperative-coronal-view-showing-well-ventilated.PNG,CT-scan-of-paranasal-sinus-3-months-postoperative-coronal-view-showing-well-ventilated.PNG,Healthy,0,850,625,RGBA,.png,g002,e415243693d812afc8ce14f1b37424b5,test
DATASET_SININUSE/Healthy classification/CT-scan-of-paranasal-sinus-axial-3-months-postoperative-view-showing-well-ventilated.PNG,CT-scan-of-paranasal-sinus-axial-3-months-postoperative-view-showing-well-ventilated.PNG,Healthy,0,850,625,RGBA,.png,g003,7e1c75b714faa49124842f10606612fc,train
DATASET_SININUSE/Healthy classification/CT-scan-of-paranasal-sinus-axial-view-showing-normal-ethmoid-sinus.PNG,CT-scan-of-paranasal-sinus-axial-view-showing-normal-ethmoid-sinus.PNG,Healthy,0,850,625,RGBA,.png,g004,c4d69e5b3dca44786edd3fd47ce2d683,val
DATASET_SININUSE/Healthy classification/CT-scan-of-paranasal-sinus-coronal-view-showing-normal-frontal-sinus.PNG,CT-scan-of-paranasal-sinus-coronal-view-showing-normal-frontal-sinus.PNG,Healthy,0,850,625,RGBA,.png,g005,d955e408ac5a71b987ce14eac3e01330,train
DATASET_SININUSE/Healthy classification/CT-scan-of-paranasal-sinus-coronal-view-showing-normal-sphenoid-sinus.PNG,CT-scan-of-paranasal-sinus-coronal-view-showing-normal-sphenoid-sinus.PNG,Healthy,0,850,625,RGBA,.png,g006,68efc148649c4cdb6819f1a7874f0459,train
DATASET_SININUSE/Healthy classification/IMG_1723.JPEG,IMG_1723.JPEG,Healthy,0,1179,1171,RGB,.jpeg,g007,bd8c49810ee625c6a20f886400eccf61,train
DATASET_SININUSE/Healthy classification/a-CT-scan-in-coronal-plane-shows-the-normal-paranasal-sinus-anatomy-The-maxillary.PNG,a-CT-scan-in-coronal-plane-shows-the-normal-paranasal-sinus-anatomy-The-maxillary.PNG,Healthy,0,478,489,P,.png,g008,99b2abbd1f5f46a3f05247a432633f84,val
DATASET_SININUSE/Healthy classification/nomal-sinus-ct-scan.JPEG,nomal-sinus-ct-scan.JPEG,Healthy,0,258,178,RGB,.jpeg,g009,a28e6be639a68237dda686313f129f67,train
DATASET_SININUSE/Healthy classification/normal-ct-paranasal-sinuses 10.PNG,normal-ct-paranasal-sinuses 10.PNG,Healthy,0,512,551,RGBA,.png,g011,342c5a9545aff45863e90163add2b06d,train
DATASET_SININUSE/Healthy classification/normal-ct-paranasal-sinuses 2.PNG,normal-ct-paranasal-sinuses 2.PNG,Healthy,0,512,551,RGBA,.png,g011,20611b5c845f6a11085f0630e098cf34,train
DATASET_SININUSE/Healthy classification/normal-ct-paranasal-sinuses 3.PNG,normal-ct-paranasal-sinuses 3.PNG,Healthy,0,740,512,RGBA,.png,g011,fa7e1435c8375ac3249969099eaf7901,train
DATASET_SININUSE/Healthy classification/normal-ct-paranasal-sinuses 4.PNG,normal-ct-paranasal-sinuses 4.PNG,Healthy,0,617,512,RGBA,.png,g011,6e333ba808597fad29f0f71afa1a65da,train
DATASET_SININUSE/Healthy classification/normal-ct-paranasal-sinuses 5.PNG,normal-ct-paranasal-sinuses 5.PNG,Healthy,0,512,551,RGBA,.png,g011,342c5a9545aff45863e90163add2b06d,train
DATASET_SININUSE/Healthy classification/normal-ct-paranasal-sinuses 6.PNG,normal-ct-paranasal-sinuses 6.PNG,Healthy,0,766,512,RGBA,.png,g011,53403142ffae7b78ff3c4c8f3f7ae9e2,train
DATASET_SININUSE/Healthy classification/normal-ct-paranasal-sinuses 7.PNG,normal-ct-paranasal-sinuses 7.PNG,Healthy,0,512,551,RGBA,.png,g011,20611b5c845f6a11085f0630e098cf34,train
DATASET_SININUSE/Healthy classification/normal-ct-paranasal-sinuses 8.PNG,normal-ct-paranasal-sinuses 8.PNG,Healthy,0,740,512,RGBA,.png,g011,fa7e1435c8375ac3249969099eaf7901,train
DATASET_SININUSE/Healthy classification/normal-ct-paranasal-sinuses 9.PNG,normal-ct-paranasal-sinuses 9.PNG,Healthy,0,617,512,RGBA,.png,g011,6e333ba808597fad29f0f71afa1a65da,train
DATASET_SININUSE/Healthy classification/normal-ct-paranasal-sinuses-1 10.JPEG,normal-ct-paranasal-sinuses-1 10.JPEG,Healthy,0,512,512,L,.jpeg,g010,9dcf50666e7c2fdb5ebb7adcf5943f57,train
DATASET_SININUSE/Healthy classification/normal-ct-paranasal-sinuses-1 11.JPEG,normal-ct-paranasal-sinuses-1 11.JPEG,Healthy,0,512,512,L,.jpeg,g010,969c1547fbf13a983c19b9a6108fd14e,train
DATASET_SININUSE/Healthy classification/normal-ct-paranasal-sinuses-1 2.JPEG,normal-ct-paranasal-sinuses-1 2.JPEG,Healthy,0,512,512,L,.jpeg,g010,cea44412bb1c2115c777eb78289e20e7,train
DATASET_SININUSE/Healthy classification/normal-ct-paranasal-sinuses-1 3.JPEG,normal-ct-paranasal-sinuses-1 3.JPEG,Healthy,0,512,512,L,.jpeg,g010,c33aad7dac7fed8769d698cab7ecfd5c,train
DATASET_SININUSE/Healthy classification/normal-ct-paranasal-sinuses-1 4.JPEG,normal-ct-paranasal-sinuses-1 4.JPEG,Healthy,0,512,512,L,.jpeg,g010,c4ea47ebf78d93d08f44619a81490a1a,train
DATASET_SININUSE/Healthy classification/normal-ct-paranasal-sinuses-1 5.JPEG,normal-ct-paranasal-sinuses-1 5.JPEG,Healthy,0,512,512,L,.jpeg,g010,457ebcafac8ab360fa8b33c6c1fe0660,train
DATASET_SININUSE/Healthy classification/normal-ct-paranasal-sinuses-1 7.JPEG,normal-ct-paranasal-sinuses-1 7.JPEG,Healthy,0,512,512,L,.jpeg,g010,0db14ac50ece9e2bc83aabbfbadf9393,train
DATASET_SININUSE/Healthy classification/normal-ct-paranasal-sinuses-1 8.JPEG,normal-ct-paranasal-sinuses-1 8.JPEG,Healthy,0,512,512,L,.jpeg,g010,ac5bcde7774ad906aa5ecc4eecc13f57,train
DATASET_SININUSE/Healthy classification/normal-ct-paranasal-sinuses-1 9.JPEG,normal-ct-paranasal-sinuses-1 9.JPEG,Healthy,0,512,512,L,.jpeg,g010,b1979dd7f1aec1966bb3c08df08f658b,train
DATASET_SININUSE/Healthy classification/normal-ct-paranasal-sinuses-1.JPEG,normal-ct-paranasal-sinuses-1.JPEG,Healthy,0,512,512,L,.jpeg,g011,6fe17d258a672cec101680068664ac57,train
DATASET_SININUSE/Healthy classification/normal-ct-paranasal-sinuses-3.PNG,normal-ct-paranasal-sinuses-3.PNG,Healthy,0,500,367,L,.png,g011,dbb054f2301d13c02820029dd92e4c33,train
DATASET_SININUSE/Healthy classification/normal-ct-paranasal-sinuses.PNG,normal-ct-paranasal-sinuses.PNG,Healthy,0,766,512,RGBA,.png,g011,d3f0e59e28d9fa93e01076c8ecaef49f,train
DATASET_SININUSE/Healthy classification/normal-paranasal-sinuses-ct 2.JPEG,normal-paranasal-sinuses-ct 2.JPEG,Healthy,0,409,409,RGB,.jpeg,g012,e4ca57f2bfb967a21ab99d9a821a839c,train
DATASET_SININUSE/Healthy classification/normal-paranasal-sinuses-ct 3.JPEG,normal-paranasal-sinuses-ct 3.JPEG,Healthy,0,409,409,RGB,.jpeg,g012,28f5e6470aa43bccfb0805be837fa358,train
DATASET_SININUSE/Healthy classification/normal-paranasal-sinuses-ct 4.JPEG,normal-paranasal-sinuses-ct 4.JPEG,Healthy,0,409,409,RGB,.jpeg,g012,e4ca57f2bfb967a21ab99d9a821a839c,train
DATASET_SININUSE/Healthy classification/normal-paranasal-sinuses-ct 6.JPEG,normal-paranasal-sinuses-ct 6.JPEG,Healthy,0,409,409,RGB,.jpeg,g012,e45fac232bab23fe82fad3c94aabbc7c,train
DATASET_SININUSE/Healthy classification/normal-paranasal-sinuses-ct.JPEG,normal-paranasal-sinuses-ct.JPEG,Healthy,0,409,409,RGB,.jpeg,g012,e45fac232bab23fe82fad3c94aabbc7c,train
DATASET_SININUSE/Unhealthy classification/42227.JPEG,42227.JPEG,Unhealthy,1,504,488,RGB,.jpeg,g013,997a9eae7557ab559cacbabef2938ad1,train
DATASET_SININUSE/Unhealthy classification/Broderick_figure01a.JPEG,Broderick_figure01a.JPEG,Unhealthy,1,660,768,RGB,.jpeg,g014,52c50a42033f12e5e9d4d448c228e279,val
"DATASET_SININUSE/Unhealthy classification/C0299986-Sinus_infection,_CT_scan.JPEG","C0299986-Sinus_infection,_CT_scan.JPEG",Unhealthy,1,800,800,RGB,.jpeg,g015,67f48614ef471b19838ff03a0b5d6ba2,train
DATASET_SININUSE/Unhealthy classification/CT-CRS2.JPEG,CT-CRS2.JPEG,Unhealthy,1,1749,888,RGB,.jpeg,g016,18570dc5a2f163725dc5f063cd769461,train
DATASET_SININUSE/Unhealthy classification/CT-CRS3.JPEG,CT-CRS3.JPEG,Unhealthy,1,1749,888,RGB,.jpeg,g016,d39955027077763e4b332d631f597208,train
DATASET_SININUSE/Unhealthy classification/CT-CRS4.JPEG,CT-CRS4.JPEG,Unhealthy,1,1749,888,RGB,.jpeg,g016,0b35412c8582b646f2b2156ad2b2e566,train
DATASET_SININUSE/Unhealthy classification/CT-Coronal-image-showing-polypoidal-mucosal-thickening-in-bilateral-maxillary-sinus.PNG,CT-Coronal-image-showing-polypoidal-mucosal-thickening-in-bilateral-maxillary-sinus.PNG,Unhealthy,1,594,482,P,.png,g017,e0b3088b3c32a4cafc98aea7b0140096,train
DATASET_SININUSE/Unhealthy classification/CT-scan-Coronal-view-of-a-Stesioneuroblastoma-case-1.JPEG,CT-scan-Coronal-view-of-a-Stesioneuroblastoma-case-1.JPEG,Unhealthy,1,385,385,RGB,.jpeg,g018,7e2b6eb515aec9ad481c1b9358067b64,test
DATASET_SININUSE/Unhealthy classification/CT-scan-axial-view-of-Extramedullary-Plasmocytoma-case-3.JPEG,CT-scan-axial-view-of-Extramedullary-Plasmocytoma-case-3.JPEG,Unhealthy,1,385,373,RGB,.jpeg,g019,e011704c2bca71794ded90112f52ca0c,train
DATASET_SININUSE/Unhealthy classification/CT-scan-coronal-view-of-a-cement-ossifying-fibroma-case-6.JPEG,CT-scan-coronal-view-of-a-cement-ossifying-fibroma-case-6.JPEG,Unhealthy,1,385,375,RGB,.jpeg,g020,9d6ce23eeed87bd5a15f26a266392e0b,train
DATASET_SININUSE/Unhealthy classification/CT-scan-coronal-view-of-a-nasosinusal-hemangiopericytoma-case-4.JPEG,CT-scan-coronal-view-of-a-nasosinusal-hemangiopericytoma-case-4.JPEG,Unhealthy,1,385,385,RGB,.jpeg,g021,b7f1cdd6a2ad093cda4680093b8ccba3,train
DATASET_SININUSE/Unhealthy classification/CT-scan-coronal-view-of-a-neurofibroma-case-5.JPEG,CT-scan-coronal-view-of-a-neurofibroma-case-5.JPEG,Unhealthy,1,385,367,RGB,.jpeg,g022,c3a7fbba5b119c020d22fcc9eac9a43f,val
DATASET_SININUSE/Unhealthy classification/CT-scan-of-nose-and-paranasal-sinuses-showing-diffuse-mucosal-thickening-of-the-right.PNG,CT-scan-of-nose-and-paranasal-sinuses-showing-diffuse-mucosal-thickening-of-the-right.PNG,Unhealthy,1,753,563,P,.png,g023,40f1f1809a3c5ad07979c890da87e29f,train
DATASET_SININUSE/Unhealthy classification/CT-scan-showing-an-inferior-medial-orbital-subperiosteal-abscess-on-the-right-side.JPEG,CT-scan-showing-an-inferior-medial-orbital-subperiosteal-abscess-on-the-right-side.JPEG,Unhealthy,1,333,324,L,.jpeg,g024,56fd4793b12e3f382245a665a6ab9338,train
DATASET_SININUSE/Unhealthy classification/CT-scan-showing-polypoidal-mucosal-thickening-of-right-maxillary-and-ethmoidal-sinuses.PNG,CT-scan-showing-polypoidal-mucosal-thickening-of-right-maxillary-and-ethmoidal-sinuses.PNG,Unhealthy,1,534,535,P,.png,g025,0f60ced175337bcd469fbbfca09a655f,train
DATASET_SININUSE/Unhealthy classification/Chronic-rhinosinusitis-with-nasal-polyps-CRSwNP-Coronal-CT-scan-of-CRSwNP-showing(1).PNG,Chronic-rhinosinusitis-with-nasal-polyps-CRSwNP-Coronal-CT-scan-of-CRSwNP-showing(1).PNG,Unhealthy,1,723,695,P,.png,g026,66c8f8d0ac858978354088e95bd062ec,test
DATASET_SININUSE/Unhealthy classification/Chronic-rhinosinusitis-with-nasal-polyps-CRSwNP-Coronal-CT-scan-of-CRSwNP-showing.PNG,Chronic-rhinosinusitis-with-nasal-polyps-CRSwNP-Coronal-CT-scan-of-CRSwNP-showing.PNG,Unhealthy,1,723,695,P,.png,g026,66c8f8d0ac858978354088e95bd062ec,test
DATASET_SININUSE/Unhealthy classification/Chronic-rhinosinusitis-without-nasal-polyps-CRSsNP-Coronal-CT-scan-of-CRSsNP-limited.PNG,Chronic-rhinosinusitis-without-nasal-polyps-CRSsNP-Coronal-CT-scan-of-CRSsNP-limited.PNG,Unhealthy,1,722,704,P,.png,g027,452aa339886963e5dedc72930ba56328,train
DATASET_SININUSE/Unhealthy classification/Coronal-CT-A-typical-smooth-outwardly-convex-soft-tissue-mass-in-the-left-maxillary.PNG,Coronal-CT-A-typical-smooth-outwardly-convex-soft-tissue-mass-in-the-left-maxillary.PNG,Unhealthy,1,397,350,P,.png,g028,83f93cbf8620be6275820ca89a6964da,train
DATASET_SININUSE/Unhealthy classification/Coronal-CT-scan-for-patient-with-RCRS-thickened-mucosa-with-patent-sinus-ostium-and.PNG,Coronal-CT-scan-for-patient-with-RCRS-thickened-mucosa-with-patent-sinus-ostium-and.PNG,Unhealthy,1,850,655,RGBA,.png,g029,267484613ebaf14da3ce78cdae9d8e1b,train
DATASET_SININUSE/Unhealthy classification/Corresponding-a-axial-CT-and-b-axial-T-1-fat-saturated-post-gadolinium-images-in-a.PNG,Corresponding-a-axial-CT-and-b-axial-T-1-fat-saturated-post-gadolinium-images-in-a.PNG,Unhealthy,1,311,235,RGBA,.png,g030,e91557639cd2533857c83221ff6b376e,train
DATASET_SININUSE/Unhealthy classification/Deviated_Septum_CT_Scan.JPEG,Deviated_Septum_CT_Scan.JPEG,Unhealthy,1,591,685,RGB,.jpeg,g031,56b0cb956425984af391f791aefc562a,train
DATASET_SININUSE/Unhealthy classification/Extrasinus-extension-of-fungal-sinusitis-from-the-left-sphenoid-sinus.PNG,Extrasinus-extension-of-fungal-sinusitis-from-the-left-sphenoid-sinus.PNG,Unhealthy,1,567,526,P,.png,g032,0e133a0982a536dbd8024522388bdd7e,train
DATASET_SININUSE/Unhealthy classification/Hyperattenuation-in-the-right-maxillary-sinus.PNG,Hyperattenuation-in-the-right-maxillary-sinus.PNG,Unhealthy,1,582,526,P,.png,g033,95abdb31e47372656921ada15312e9f0,val
DATASET_SININUSE/Unhealthy classification/M2400719-CT_of_Sinuses.JPEG,M2400719-CT_of_Sinuses.JPEG,Unhealthy,1,800,720,RGB,.jpeg,g034,3139dd4ba3c13982cf1f8e7914e7b8ed,test
DATASET_SININUSE/Unhealthy classification/Odontogenic-sinusitis-Coronal-CT-scan-demonstrating-a-periapical-lucency-extending-from.PNG,Odontogenic-sinusitis-Coronal-CT-scan-demonstrating-a-periapical-lucency-extending-from.PNG,Unhealthy,1,723,948,P,.png,g035,c38e3d0b9058a43ebe0ce1eb084ddbdf,train
DATASET_SININUSE/Unhealthy classification/PMC3199122_IJOL2011-508907.002.png 512×372 pixels.PNG,PMC3199122_IJOL2011-508907.002.png 512×372 pixels.PNG,Unhealthy,1,512,372,RGB,.png,g036,a0f550611d4bcf3b50b07df79507da1d,train
DATASET_SININUSE/Unhealthy classification/PMC4894734_PAMJ-23-159-g005.png 457×478 pixels.PNG,PMC4894734_PAMJ-23-159-g005.png 457×478 pixels.PNG,Unhealthy,1,457,478,RGB,.png,g037,18b7b16ea60e3ff852d0c8c265015f8d,train
DATASET_SININUSE/Unhealthy classification/Repeat-axial-CT-scan-hospital-day-4-shows-a-right-inferior-orbital-abscess.JPEG,Repeat-axial-CT-scan-hospital-day-4-shows-a-right-inferior-orbital-abscess.JPEG,Unhealthy,1,456,469,RGB,.jpeg,g038,56c85efa95844da348825baaa9827cbd,test
DATASET_SININUSE/Unhealthy classification/Screening-sinus-CT-scan-of-patient-with-extensive-mucosal-thickening-total-score-22.PNG,Screening-sinus-CT-scan-of-patient-with-extensive-mucosal-thickening-total-score-22.PNG,Unhealthy,1,334,334,RGBA,.png,g039,90ace4cd2d89d12c87e28502233d1d11,train
DATASET_SININUSE/Unhealthy classification/acute-maxillary-sinusitis.JPEG,acute-maxillary-sinusitis.JPEG,Unhealthy,1,923,938,RGB,.jpeg,g040,fe77366a12e1abd134c75d61096aaa0d,train
DATASET_SININUSE/Unhealthy classification/agger-nasi-cell-with-sinusitis.JPEG,agger-nasi-cell-with-sinusitis.JPEG,Unhealthy,1,486,689,RGB,.jpeg,g041,c62d8e931ffb11c5575eadb30afc1ac3,val
DATASET_SININUSE/Unhealthy classification/allergic-fungal-sinusitis-14 2.PNG,allergic-fungal-sinusitis-14 2.PNG,Unhealthy,1,536,720,RGB,.png,g042,ddbae6691b47c1672f09f25c8700634a,train
DATASET_SININUSE/Unhealthy classification/allergic-fungal-sinusitis-14.PNG,allergic-fungal-sinusitis-14.PNG,Unhealthy,1,634,678,RGB,.png,g044,ce57c857c6ddf036ae3026e53aca392e,train
DATASET_SININUSE/Unhealthy classification/allergic-fungal-sinusitis-3 2.PNG,allergic-fungal-sinusitis-3 2.PNG,Unhealthy,1,417,481,L,.png,g043,4f93ed330c41eb725fd5cc6d96ebf385,train
DATASET_SININUSE/Unhealthy classification/allergic-fungal-sinusitis-3.PNG,allergic-fungal-sinusitis-3.PNG,Unhealthy,1,390,269,L,.png,g044,2609430545389e9fc8eb748b1288aead,train
DATASET_SININUSE/Unhealthy classification/chronic-maxillary-sinusitis 2.JPEG,chronic-maxillary-sinusitis 2.JPEG,Unhealthy,1,612,612,RGB,.jpeg,g045,33be7a5feff161d4314487a39fccd923,train
DATASET_SININUSE/Unhealthy classification/chronic-maxillary-sinusitis 3.JPEG,chronic-maxillary-sinusitis 3.JPEG,Unhealthy,1,612,612,RGB,.jpeg,g045,8c48cfdde6cfe40e55230692eaa28152,train
DATASET_SININUSE/Unhealthy classification/chronic-maxillary-sinusitis 4.JPEG,chronic-maxillary-sinusitis 4.JPEG,Unhealthy,1,612,612,RGB,.jpeg,g045,3ab0d909d9a26a2818db2c20151f1d0d,train
DATASET_SININUSE/Unhealthy classification/chronic-maxillary-sinusitis 5.JPEG,chronic-maxillary-sinusitis 5.JPEG,Unhealthy,1,612,612,RGB,.jpeg,g045,ea67657893d57015baf7dfe8f438b88a,train
DATASET_SININUSE/Unhealthy classification/chronic-maxillary-sinusitis 6.JPEG,chronic-maxillary-sinusitis 6.JPEG,Unhealthy,1,612,612,RGB,.jpeg,g045,3adbf9109c4bbdfb8c7b40a280862f78,train
DATASET_SININUSE/Unhealthy classification/chronic-maxillary-sinusitis-1.JPEG,chronic-maxillary-sinusitis-1.JPEG,Unhealthy,1,1526,1526,RGB,.jpeg,g045,2b89ae8e1e5121cc8a42ab42a68f72a6,train
DATASET_SININUSE/Unhealthy classification/chronic-maxillary-sinusitis.JPEG,chronic-maxillary-sinusitis.JPEG,Unhealthy,1,612,612,RGB,.jpeg,g045,2227537e41a4be5f9b656f91e2a6f2ca,train
DATASET_SININUSE/Unhealthy classification/chronic-rhinosinusitis 2.PNG,chronic-rhinosinusitis 2.PNG,Unhealthy,1,968,763,L,.png,g046,7615716f4b72a3a3c91cf386b80641b8,train
DATASET_SININUSE/Unhealthy classification/chronic-rhinosinusitis.PNG,chronic-rhinosinusitis.PNG,Unhealthy,1,934,763,L,.png,g046,95431893985bbed49d1cb98289861499,train
DATASET_SININUSE/Unhealthy classification/chronic-sphenoidal-sinusitis-and-osteomyelitis.JPEG,chronic-sphenoidal-sinusitis-and-osteomyelitis.JPEG,Unhealthy,1,427,397,RGB,.jpeg,g047,6b0cb0822c76061e5415ff86e25459d4,train
DATASET_SININUSE/Unhealthy classification/concha-bullosa-3.JPEG,concha-bullosa-3.JPEG,Unhealthy,1,788,985,RGB,.jpeg,g048,e48a9330470867aa6c838c13dd537882,train
DATASET_SININUSE/Unhealthy classification/ct-scan-deviated-septum-sinuses1.JPEG,ct-scan-deviated-septum-sinuses1.JPEG,Unhealthy,1,1024,683,RGB,.jpeg,g049,10a2c8483fb72ee99f0fde458d265731,test
DATASET_SININUSE/Unhealthy classification/fungal-sinusitis-allergic-2.JPEG,fungal-sinusitis-allergic-2.JPEG,Unhealthy,1,1267,1467,RGB,.jpeg,g050,0745fa0973eb14f047fa4cf70faa0793,train
DATASET_SININUSE/Unhealthy classification/left-orbital-abscess.JPEG,left-orbital-abscess.JPEG,Unhealthy,1,512,357,L,.jpeg,g051,b09bf4aba0cce6f348f006075da44b11,train
DATASET_SININUSE/Unhealthy classification/mucoperiosteal-hypertrophy-chronic-sinusitis-2 2.JPEG,mucoperiosteal-hypertrophy-chronic-sinusitis-2 2.JPEG,Unhealthy,1,900,945,RGB,.jpeg,g052,ac905194dd78b0404349888cdd9b6e68,test
DATASET_SININUSE/Unhealthy classification/mucoperiosteal-hypertrophy-chronic-sinusitis-2.JPEG,mucoperiosteal-hypertrophy-chronic-sinusitis-2.JPEG,Unhealthy,1,900,945,RGB,.jpeg,g053,03283e6b0a34a50c7a02ec2d55070306,train
DATASET_SININUSE/Unhealthy classification/nasal-septal-haematoma-1 2.JPEG,nasal-septal-haematoma-1 2.JPEG,Unhealthy,1,512,512,RGB,.jpeg,g054,908cd0a441c1449678c74036da1cda37,train
DATASET_SININUSE/Unhealthy classification/nasal-septal-haematoma-1.JPEG,nasal-septal-haematoma-1.JPEG,Unhealthy,1,512,512,RGB,.jpeg,g055,ec4b274a9aa880f64c3f2ef9c57815e9,val
DATASET_SININUSE/Unhealthy classification/non-invasive-fungal-sinusitis 2.JPEG,non-invasive-fungal-sinusitis 2.JPEG,Unhealthy,1,528,528,L,.jpeg,g056,2ea96d0f13a33b8c138606f7c6b49aaa,train
DATASET_SININUSE/Unhealthy classification/non-invasive-fungal-sinusitis 3.JPEG,non-invasive-fungal-sinusitis 3.JPEG,Unhealthy,1,592,592,L,.jpeg,g056,52a47d585b890d54964964c612e68416,train
DATASET_SININUSE/Unhealthy classification/non-invasive-fungal-sinusitis 4.JPEG,non-invasive-fungal-sinusitis 4.JPEG,Unhealthy,1,512,512,L,.jpeg,g056,3c4c0e24142329c4af8885ae8ad7372c,train
DATASET_SININUSE/Unhealthy classification/non-invasive-fungal-sinusitis 5.JPEG,non-invasive-fungal-sinusitis 5.JPEG,Unhealthy,1,512,512,L,.jpeg,g056,7a3ead9ae191ce81204afbe793e83eb2,train
DATASET_SININUSE/Unhealthy classification/non-invasive-fungal-sinusitis 6.JPEG,non-invasive-fungal-sinusitis 6.JPEG,Unhealthy,1,512,512,L,.jpeg,g056,843a184a17b7a7bab9f96c1225ca7a01,train
DATASET_SININUSE/Unhealthy classification/non-invasive-fungal-sinusitis.JPEG,non-invasive-fungal-sinusitis.JPEG,Unhealthy,1,528,528,L,.jpeg,g056,e3b70d5ced393a5149d7b16d8e91d4b6,train
DATASET_SININUSE/Unhealthy classification/odontogenic-maxillary-sinusitis.JPEG,odontogenic-maxillary-sinusitis.JPEG,Unhealthy,1,512,512,RGB,.jpeg,g057,a27befc0d80e501935b40ba0dac2ed80,train
DATASET_SININUSE/Unhealthy classification/odontogenic-sinusitis.PNG,odontogenic-sinusitis.PNG,Unhealthy,1,412,412,L,.png,g058,231133f32037a84096d5c509b989a1e8,train
DATASET_SININUSE/Unhealthy classification/orbital-abscess-lacrimal-gland-2 2.JPEG,orbital-abscess-lacrimal-gland-2 2.JPEG,Unhealthy,1,864,938,RGB,.jpeg,g059,e23d710186f888fe01d756ed797867fb,train
DATASET_SININUSE/Unhealthy classification/orbital-abscess-lacrimal-gland-2.JPEG,orbital-abscess-lacrimal-gland-2.JPEG,Unhealthy,1,864,938,RGB,.jpeg,g060,a218c110c2e032afde70b77788e6f4d8,train
DATASET_SININUSE/Unhealthy classification/orbital-subperiosteal-abscess.JPEG,orbital-subperiosteal-abscess.JPEG,Unhealthy,1,949,946,RGB,.jpeg,g061,6f280fc6c6300f39e7bef2e54e626b55,train
DATASET_SININUSE/Unhealthy classification/p1882-f4.JPEG,p1882-f4.JPEG,Unhealthy,1,250,252,RGB,.jpeg,g062,b616bf739d03fdcf6ca286a51c2ccaab,test
DATASET_SININUSE/Unhealthy classification/paradoxical-middle-turbinate-2.JPEG,paradoxical-middle-turbinate-2.JPEG,Unhealthy,1,512,512,RGB,.jpeg,g063,0de8c62ce7a6d69e787e3ca3e236a4db,train
DATASET_SININUSE/Unhealthy classification/paradoxical-rotation-of-the-middle-turbinates 2.JPEG,paradoxical-rotation-of-the-middle-turbinates 2.JPEG,Unhealthy,1,512,512,L,.jpeg,g064,404f3eafbaf587e5c1137c0be0fc7cc2,train
DATASET_SININUSE/Unhealthy classification/paradoxical-rotation-of-the-middle-turbinates.JPEG,paradoxical-rotation-of-the-middle-turbinates.JPEG,Unhealthy,1,512,512,L,.jpeg,g064,b499af693c9d0890b2272d9e4f8fa4ba,train
DATASET_SININUSE/Unhealthy classification/petrenko2-1.JPEG,petrenko2-1.JPEG,Unhealthy,1,1200,676,RGB,.jpeg,g065,f457ac56b44946ca9b594c8dc52ac230,val
DATASET_SININUSE/Unhealthy classification/posterior-frontal-sinus-erosion-following-chronic-sinusitis 2.JPEG,posterior-frontal-sinus-erosion-following-chronic-sinusitis 2.JPEG,Unhealthy,1,655,512,RGB,.jpeg,g066,7cff27743a8b94d22499674bdafabee1,train
DATASET_SININUSE/Unhealthy classification/posterior-frontal-sinus-erosion-following-chronic-sinusitis 3.JPEG,posterior-frontal-sinus-erosion-following-chronic-sinusitis 3.JPEG,Unhealthy,1,599,512,RGB,.jpeg,g066,ba9564a2fdcdcd26f18a7e871bf47639,train
DATASET_SININUSE/Unhealthy classification/posterior-frontal-sinus-erosion-following-chronic-sinusitis 4.JPEG,posterior-frontal-sinus-erosion-following-chronic-sinusitis 4.JPEG,Unhealthy,1,512,512,RGB,.jpeg,g066,b2991cc7f1005b661110c6c54aff9930,train
DATASET_SININUSE/Unhealthy classification/posterior-frontal-sinus-erosion-following-chronic-sinusitis 5.JPEG,posterior-frontal-sinus-erosion-following-chronic-sinusitis 5.JPEG,Unhealthy,1,512,512,RGB,.jpeg,g066,4c4705cfbef7a870f7855627132f1eb8,train
DATASET_SININUSE/Unhealthy classification/posterior-frontal-sinus-erosion-following-chronic-sinusitis.JPEG,posterior-frontal-sinus-erosion-following-chronic-sinusitis.JPEG,Unhealthy,1,512,512,RGB,.jpeg,g066,f8844f7b47a8a650bd009c9cb4491fca,train
DATASET_SININUSE/Unhealthy classification/pott-puffy-tumor-14 2.JPEG,pott-puffy-tumor-14 2.JPEG,Unhealthy,1,512,512,L,.jpeg,g067,a57629c1f0d7aee7a5c366cbeefbf91e,val
DATASET_SININUSE/Unhealthy classification/pott-puffy-tumor-14 4.JPEG,pott-puffy-tumor-14 4.JPEG,Unhealthy,1,512,512,L,.jpeg,g067,c750cd23f6ea9e202d0db20d55478fef,val
DATASET_SININUSE/Unhealthy classification/pott-puffy-tumor-14 5.JPEG,pott-puffy-tumor-14 5.JPEG,Unhealthy,1,512,512,L,.jpeg,g067,4a529f6d3a9f9be826e953afb403e92a,val
DATASET_SININUSE/Unhealthy classification/pott-puffy-tumor-14.JPEG,pott-puffy-tumor-14.JPEG,Unhealthy,1,512,512,L,.jpeg,g068,884df25ede58e4d551077d087c0e1cdc,train
DATASET_SININUSE/Unhealthy classification/pott-puffy-tumour-8.JPEG,pott-puffy-tumour-8.JPEG,Unhealthy,1,914,938,RGB,.jpeg,g069,f6446ba0d7b999610e9b1c88a7c53607,train
DATASET_SININUSE/Unhealthy classification/silent-sinus-syndrome-15 3.JPEG,silent-sinus-syndrome-15 3.JPEG,Unhealthy,1,544,544,RGB,.jpeg,g070,c5ceb84a4f353a26ce4521f162010797,val
DATASET_SININUSE/Unhealthy classification/silent-sinus-syndrome-15 4.JPEG,silent-sinus-syndrome-15 4.JPEG,Unhealthy,1,544,544,RGB,.jpeg,g070,a9a5b37dd4b9e2308f9c8927f87de13b,val
DATASET_SININUSE/Unhealthy classification/silent-sinus-syndrome-15(1).JPEG,silent-sinus-syndrome-15(1).JPEG,Unhealthy,1,544,544,L,.jpeg,g070,699119ff19db6dd7431ec8bd4423f61f,val
DATASET_SININUSE/Unhealthy classification/silent-sinus-syndrome-15.JPEG,silent-sinus-syndrome-15.JPEG,Unhealthy,1,544,544,L,.jpeg,g070,699119ff19db6dd7431ec8bd4423f61f,val
DATASET_SININUSE/Unhealthy classification/sinonasal-polyposis-with-secondary-fungal-infection-1 2.PNG,sinonasal-polyposis-with-secondary-fungal-infection-1 2.PNG,Unhealthy,1,424,512,L,.png,g071,cf72d9dc9f578bb4d686f1718b355cde,train
DATASET_SININUSE/Unhealthy classification/sinonasal-polyposis-with-secondary-fungal-infection-1 3.PNG,sinonasal-polyposis-with-secondary-fungal-infection-1 3.PNG,Unhealthy,1,406,512,L,.png,g071,b047993757a9f717056c98d33f19c883,train
DATASET_SININUSE/Unhealthy classification/sinonasal-polyposis-with-secondary-fungal-infection-1.JPEG,sinonasal-polyposis-with-secondary-fungal-infection-1.JPEG,Unhealthy,1,528,528,RGB,.jpeg,g072,343ef30d95527f49c8ca764f61c17581,test
DATASET_SININUSE/Unhealthy classification/sinonasal-polyposis-with-secondary-fungal-infection-1.PNG,sinonasal-polyposis-with-secondary-fungal-infection-1.PNG,Unhealthy,1,402,359,L,.png,g072,89b272ad839397e5ac302489c1b5a77d,test
DATASET_SININUSE/Unhealthy classification/subdural-haemorrhages-on-sinus-ct 2.JPEG,subdural-haemorrhages-on-sinus-ct 2.JPEG,Unhealthy,1,1512,1856,RGB,.jpeg,g073,bfd35a97f89d135ca2d5192417ba9c69,train
DATASET_SININUSE/Unhealthy classification/subdural-haemorrhages-on-sinus-ct 3.JPEG,subdural-haemorrhages-on-sinus-ct 3.JPEG,Unhealthy,1,1512,1856,RGB,.jpeg,g073,5260249c39f26bcfc01829c3eeff10a9,train
DATASET_SININUSE/Unhealthy classification/subdural-haemorrhages-on-sinus-ct.JPEG,subdural-haemorrhages-on-sinus-ct.JPEG,Unhealthy,1,1512,1856,RGB,.jpeg,g073,1773998e209e9bffb62ad6608d84b087,train
DATASET_SININUSE/Unhealthy classification/subperiosteal-orbital-abscess.JPEG,subperiosteal-orbital-abscess.JPEG,Unhealthy,1,900,945,RGB,.jpeg,g074,c7bcaa438e1562cfdeb75a2cc90dc8c8,test
DATASET_SININUSE/Unhealthy classification/superior-sagittal-sinus-thrombosis-with-subarachnoid-and-intraparencyhmal-haemorrhage 2.JPEG,superior-sagittal-sinus-thrombosis-with-subarachnoid-and-intraparencyhmal-haemorrhage 2.JPEG,Unhealthy,1,708,708,RGB,.jpeg,g075,4d8663ac41a438c9f906385d3d45b248,train
DATASET_SININUSE/Unhealthy classification/superior-sagittal-sinus-thrombosis-with-subarachnoid-and-intraparencyhmal-haemorrhage 3.JPEG,superior-sagittal-sinus-thrombosis-with-subarachnoid-and-intraparencyhmal-haemorrhage 3.JPEG,Unhealthy,1,708,708,RGB,.jpeg,g075,ca271858358ebcb0ffc0a958b7995377,train
DATASET_SININUSE/Unhealthy classification/superior-sagittal-sinus-thrombosis-with-subarachnoid-and-intraparencyhmal-haemorrhage 4.JPEG,superior-sagittal-sinus-thrombosis-with-subarachnoid-and-intraparencyhmal-haemorrhage 4.JPEG,Unhealthy,1,708,708,RGB,.jpeg,g075,0cf323dcd13c88e5068724a4430a57c9,train
DATASET_SININUSE/Unhealthy classification/superior-sagittal-sinus-thrombosis-with-subarachnoid-and-intraparencyhmal-haemorrhage.JPEG,superior-sagittal-sinus-thrombosis-with-subarachnoid-and-intraparencyhmal-haemorrhage.JPEG,Unhealthy,1,708,708,RGB,.jpeg,g075,3fec89b8641cca5955a024d33b2147db,train
DATASET_SININUSE/Unhealthy classification/traumatic-dural-venous-sinus-thrombosis 2.JPEG,traumatic-dural-venous-sinus-thrombosis 2.JPEG,Unhealthy,1,512,512,L,.jpeg,g076,d27632a3ac00a79e79da6813d6cf519c,val
DATASET_SININUSE/Unhealthy classification/traumatic-dural-venous-sinus-thrombosis 3.JPEG,traumatic-dural-venous-sinus-thrombosis 3.JPEG,Unhealthy,1,624,624,L,.jpeg,g076,6a46db87642c4131fb5f4a69ec33e0b9,val
DATASET_SININUSE/Unhealthy classification/traumatic-dural-venous-sinus-thrombosis 4.JPEG,traumatic-dural-venous-sinus-thrombosis 4.JPEG,Unhealthy,1,512,512,L,.jpeg,g076,5b58cf797599319d1629ac37200b55cb,val
DATASET_SININUSE/Unhealthy classification/traumatic-dural-venous-sinus-thrombosis.JPEG,traumatic-dural-venous-sinus-thrombosis.JPEG,Unhealthy,1,512,512,L,.jpeg,g076,55c6889cfe6bfa4e2892e45b0d61e699,val
