model,variant,n,tp,tn,fp,fn,accuracy,precision,recall,sensitivity,specificity,f1,roc_auc,pr_auc,cv_roc_auc_train,n_features
LightGBM,full,12,10,0,1,1,0.8333333333333334,0.9090909090909091,0.9090909090909091,0.9090909090909091,0.0,0.9090909090909091,0.36363636363636365,0.927089072543618,0.5098860398860399,2048
LightGBM,kbest,12,10,0,1,1,0.8333333333333334,0.9090909090909091,0.9090909090909091,0.9090909090909091,0.0,0.9090909090909091,0.6363636363636364,0.9649678604224059,0.5235327635327635,64
LightGBM,l1,12,9,0,1,2,0.75,0.9,0.8181818181818182,0.8181818181818182,0.0,0.8571428571428571,0.7272727272727273,0.9750688705234161,0.4233333333333334,64
LightGBM,pca,12,9,0,1,2,0.75,0.9,0.8181818181818182,0.8181818181818182,0.0,0.8571428571428571,0.36363636363636365,0.9276301980847435,0.4374643874643874,85
LightGBM,rf,12,10,0,1,1,0.8333333333333334,0.9090909090909091,0.9090909090909091,0.9090909090909091,0.0,0.9090909090909091,0.7272727272727273,0.975068870523416,0.4169515669515669,64
LightGBM,xgb,12,11,0,1,0,0.9166666666666666,0.9166666666666666,1.0,1.0,0.0,0.9565217391304348,0.18181818181818182,0.886179981634527,0.478034188034188,64
Logistic Regression,full,12,10,0,1,1,0.8333333333333334,0.9090909090909091,0.9090909090909091,0.9090909090909091,0.0,0.9090909090909091,0.9090909090909091,0.9924242424242424,0.4656125356125356,2048
Logistic Regression,kbest,12,11,0,1,0,0.9166666666666666,0.9166666666666666,1.0,1.0,0.0,0.9565217391304348,0.7272727272727273,0.9750688705234161,0.5311396011396011,64
Logistic Regression,l1,12,10,0,1,1,0.8333333333333334,0.9090909090909091,0.9090909090909091,0.9090909090909091,0.0,0.9090909090909091,0.8181818181818182,0.9841597796143251,0.3728205128205129,64
Logistic Regression,pca,12,10,1,0,1,0.9166666666666666,1.0,0.9090909090909091,0.9090909090909091,1.0,0.9523809523809523,1.0,1.0,0.4604558404558404,85
Logistic Regression,rf,12,8,0,1,3,0.6666666666666666,0.8888888888888888,0.7272727272727273,0.7272727272727273,0.0,0.8,0.6363636363636364,0.9649678604224059,0.4751851851851852,64
Logistic Regression,xgb,12,11,0,1,0,0.9166666666666666,0.9166666666666666,1.0,1.0,0.0,0.9565217391304348,0.8181818181818182,0.984159779614325,0.5184045584045583,64
Random Forest,full,12,11,0,1,0,0.9166666666666666,0.9166666666666666,1.0,1.0,0.0,0.9565217391304348,0.5454545454545454,0.9548668503213957,0.3661253561253561,2048
Random Forest,kbest,12,11,0,1,0,0.9166666666666666,0.9166666666666666,1.0,1.0,0.0,0.9565217391304348,0.5,0.9406172110717566,0.4927065527065527,64
Random Forest,l1,12,11,0,1,0,0.9166666666666666,0.9166666666666666,1.0,1.0,0.0,0.9565217391304348,0.9090909090909091,0.9924242424242424,0.392051282051282,64
Random Forest,pca,12,10,0,1,1,0.8333333333333334,0.9090909090909091,0.9090909090909091,0.9090909090909091,0.0,0.9090909090909091,0.7272727272727273,0.9750688705234161,0.4301139601139601,85
Random Forest,rf,12,11,0,1,0,0.9166666666666666,0.9166666666666666,1.0,1.0,0.0,0.9565217391304348,0.7272727272727273,0.9750688705234158,0.4391452991452991,64
Random Forest,xgb,12,11,0,1,0,0.9166666666666666,0.9166666666666666,1.0,1.0,0.0,0.9565217391304348,0.7727272727272727,0.975068870523416,0.4589173789173789,64
SVM,full,12,11,0,1,0,0.9166666666666666,0.9166666666666666,1.0,1.0,0.0,0.9565217391304348,0.9090909090909091,0.9924242424242424,0.5099430199430199,2048
SVM,kbest,12,8,0,1,3,0.6666666666666666,0.8888888888888888,0.7272727272727273,0.7272727272727273,0.0,0.8,0.6363636363636364,0.9649678604224059,0.7098005698005698,64
SVM,l1,12,11,0,1,0,0.9166666666666666,0.9166666666666666,1.0,1.0,0.0,0.9565217391304348,0.36363636363636365,0.9254656959202414,0.5286609686609687,64
SVM,pca,12,11,0,1,0,0.9166666666666666,0.9166666666666666,1.0,1.0,0.0,0.9565217391304348,0.9090909090909091,0.9924242424242424,0.4947008547008548,85
SVM,rf,12,11,0,1,0,0.9166666666666666,0.9166666666666666,1.0,1.0,0.0,0.9565217391304348,0.5454545454545454,0.9536042240587697,0.616923076923077,64
SVM,xgb,12,11,0,1,0,0.9166666666666666,0.9166666666666666,1.0,1.0,0.0,0.9565217391304348,0.7272727272727273,0.9750688705234161,0.6455840455840456,64
XGBoost,full,12,10,0,1,1,0.8333333333333334,0.9090909090909091,0.9090909090909091,0.9090909090909091,0.0,0.9090909090909091,0.36363636363636365,0.927089072543618,0.4653561253561253,2048
XGBoost,kbest,12,10,0,1,1,0.8333333333333334,0.9090909090909091,0.9090909090909091,0.9090909090909091,0.0,0.9090909090909091,0.7272727272727273,0.9750688705234161,0.4375498575498575,64
XGBoost,l1,12,10,0,1,1,0.8333333333333334,0.9090909090909091,0.9090909090909091,0.9090909090909091,0.0,0.9090909090909091,0.2727272727272727,0.9072838777384231,0.3415099715099716,64
XGBoost,pca,12,7,0,1,4,0.5833333333333334,0.875,0.6363636363636364,0.6363636363636364,0.0,0.7368421052631579,0.5454545454545454,0.9536042240587694,0.4982336182336181,85
XGBoost,rf,12,11,0,1,0,0.9166666666666666,0.9166666666666666,1.0,1.0,0.0,0.9565217391304348,0.5454545454545454,0.9536042240587694,0.4321082621082621,64
XGBoost,xgb,12,11,0,1,0,0.9166666666666666,0.9166666666666666,1.0,1.0,0.0,0.9565217391304348,0.18181818181818182,0.8867211071756527,0.4917094017094017,64
