model,stage,epoch,train_loss,train_acc,val_loss,val_acc,val_auc,lr
resnet50,head,1,0.7122342372840306,0.5849056603773585,0.6885538791355333,0.5789473684210527,0.20588235294117646,0.001
resnet50,head,2,0.6904123144329719,0.4716981132075472,0.7170796613944205,0.3157894736842105,0.2058823529411765,0.001
resnet50,head,3,0.6315364758923369,0.660377358490566,0.6207270167375866,0.7894736842105263,0.2647058823529412,0.001
resnet50,head,4,0.5793807810207583,0.8018867924528302,0.6118770163310202,0.7894736842105263,0.3235294117647059,0.001
resnet50,head,5,0.5697238737682127,0.8207547169811321,0.6082539072162226,0.6842105263157895,0.4411764705882353,0.001
resnet50,head,6,0.5272980523559282,0.8207547169811321,0.5879283657199458,0.7894736842105263,0.4411764705882353,0.001
resnet50,head,7,0.5135950558590439,0.8018867924528302,0.6545433198150835,0.631578947368421,0.4117647058823529,0.001
resnet50,head,8,0.48424651487818304,0.8584905660377359,0.6205000814638639,0.631578947368421,0.4117647058823529,0.001
resnet50,head,9,0.46287829583545903,0.8490566037735849,0.5964930551616769,0.7368421052631579,0.4117647058823529,0.0005
resnet50,head,10,0.46614897082436757,0.8962264150943396,0.612010403683311,0.631578947368421,0.38235294117647056,0.0005
resnet50,head,11,0.4608370712343252,0.8679245283018868,0.6363355031138972,0.631578947368421,0.35294117647058826,0.0005
resnet50,finetune,1,0.5201951928858487,0.8207547169811321,0.6026538390862314,0.6842105263157895,0.4411764705882353,1e-05
resnet50,finetune,2,0.4956001673104628,0.8207547169811321,0.5938275832878915,0.6842105263157895,0.4117647058823529,1e-05
resnet50,finetune,3,0.4462709747395425,0.8301886792452831,0.5906631703439512,0.6842105263157895,0.3529411764705882,1e-05
resnet50,finetune,4,0.4278757538435594,0.8584905660377359,0.5933648551765242,0.7368421052631579,0.3529411764705882,1e-05
resnet50,finetune,5,0.3886358096914471,0.8773584905660378,0.604359792251336,0.7368421052631579,0.32352941176470584,1e-05
resnet50,finetune,6,0.37690783896536195,0.8773584905660378,0.620192258765823,0.7368421052631579,0.32352941176470584,5e-06
resnet50,finetune,7,0.3614512985607363,0.8773584905660378,0.6267163294710612,0.7368421052631579,0.32352941176470584,5e-06
resnet50,finetune,8,0.31483015418052673,0.9150943396226415,0.6370175747494948,0.7368421052631579,0.3529411764705882,5e-06
